n_rows,n_cols,n_duplicates,target_mean,target_std
12000,23,0,53.428039166666665,8.553355211294583
